<TileCatalog>
  <version>2</version>
  <Header>
    <rasterX>32</rasterX>
    <rasterY>16</rasterY>
    <count>20</count>
  </Header>
  <Configuration>
    <intLabel>Value</intLabel>
    <stringLabel>Name</stringLabel>
    <stringLabel>Tags</stringLabel>
  </Configuration>
  <Tiles>
    <Tile>
      <Description>
        <version>3</version>
        <id>1</id>
        <offsetX>0</offsetX>
        <offsetY>0</offsetY>
      </Description>
      <Metadata>
        <int>0</int>
        <string>Big tile</string>
        <string></string>
      </Metadata>
    </Tile>
    <Tile>
      <Description>
        <version>3</version>
        <id>2</id>
        <offsetX>0</offsetX>
        <offsetY>0</offsetY>
      </Description>
      <Metadata>
        <int>0</int>
        <string>Medium tiles</string>
        <string></string>
      </Metadata>
    </Tile>
    <Tile>
      <Description>
        <version>3</version>
        <id>3</id>
        <offsetX>0</offsetX>
        <offsetY>0</offsetY>
      </Description>
      <Metadata>
        <int>0</int>
        <string>Damaged Medium tiles</string>
        <string></string>
      </Metadata>
    </Tile>
    <Tile>
      <Description>
        <version>3</version>
        <id>4</id>
        <offsetX>0</offsetX>
        <offsetY>0</offsetY>
      </Description>
      <Metadata>
        <int>0</int>
        <string>Diamond inner tile</string>
        <string></string>
      </Metadata>
    </Tile>
    <Tile>
      <Description>
        <version>3</version>
        <id>5</id>
        <offsetX>0</offsetX>
        <offsetY>0</offsetY>
      </Description>
      <Metadata>
        <int>0</int>
        <string>Diamond inner tile 2</string>
        <string></string>
      </Metadata>
    </Tile>
    <Tile>
      <Description>
        <version>3</version>
        <id>7</id>
        <offsetX>0</offsetX>
        <offsetY>0</offsetY>
      </Description>
      <Metadata>
        <int>0</int>
        <string>Dry grass</string>
        <string></string>
      </Metadata>
    </Tile>
    <Tile>
      <Description>
        <version>3</version>
        <id>6</id>
        <offsetX>0</offsetX>
        <offsetY>0</offsetY>
      </Description>
      <Metadata>
        <int>0</int>
        <string>Grass</string>
        <string></string>
      </Metadata>
    </Tile>
    <Tile>
      <Description>
        <version>3</version>
        <id>10</id>
        <offsetX>0</offsetX>
        <offsetY>0</offsetY>
      </Description>
      <Metadata>
        <int>0</int>
        <string>Concrete</string>
        <string></string>
      </Metadata>
    </Tile>
    <Tile>
      <Description>
        <version>3</version>
        <id>8</id>
        <offsetX>0</offsetX>
        <offsetY>0</offsetY>
      </Description>
      <Metadata>
        <int>0</int>
        <string>Shallow water</string>
        <string></string>
      </Metadata>
    </Tile>
    <Tile>
      <Description>
        <version>3</version>
        <id>9</id>
        <offsetX>0</offsetX>
        <offsetY>0</offsetY>
      </Description>
      <Metadata>
        <int>0</int>
        <string>Deep water</string>
        <string></string>
      </Metadata>
    </Tile>
    <Tile>
      <Description>
        <version>3</version>
        <id>11</id>
        <offsetX>0</offsetX>
        <offsetY>0</offsetY>
      </Description>
      <Metadata>
        <int>0</int>
        <string>Snow</string>
        <string></string>
      </Metadata>
    </Tile>
    <Tile>
      <Description>
        <version>3</version>
        <id>12</id>
        <offsetX>0</offsetX>
        <offsetY>0</offsetY>
      </Description>
      <Metadata>
        <int>0</int>
        <string></string>
        <string></string>
      </Metadata>
    </Tile>
    <Tile>
      <Description>
        <version>3</version>
        <id>13</id>
        <offsetX>0</offsetX>
        <offsetY>0</offsetY>
      </Description>
      <Metadata>
        <int>0</int>
        <string></string>
        <string></string>
      </Metadata>
    </Tile>
    <Tile>
      <Description>
        <version>3</version>
        <id>14</id>
        <offsetX>0</offsetX>
        <offsetY>0</offsetY>
      </Description>
      <Metadata>
        <int>0</int>
        <string></string>
        <string></string>
      </Metadata>
    </Tile>
    <Tile>
      <Description>
        <version>3</version>
        <id>15</id>
        <offsetX>0</offsetX>
        <offsetY>0</offsetY>
      </Description>
      <Metadata>
        <int>0</int>
        <string></string>
        <string></string>
      </Metadata>
    </Tile>
    <Tile>
      <Description>
        <version>3</version>
        <id>16</id>
        <offsetX>0</offsetX>
        <offsetY>0</offsetY>
      </Description>
      <Metadata>
        <int>0</int>
        <string></string>
        <string></string>
      </Metadata>
    </Tile>
    <Tile>
      <Description>
        <version>3</version>
        <id>17</id>
        <offsetX>0</offsetX>
        <offsetY>0</offsetY>
      </Description>
      <Metadata>
        <int>0</int>
        <string></string>
        <string></string>
      </Metadata>
    </Tile>
    <Tile>
      <Description>
        <version>3</version>
        <id>18</id>
        <offsetX>0</offsetX>
        <offsetY>0</offsetY>
      </Description>
      <Metadata>
        <int>0</int>
        <string></string>
        <string></string>
      </Metadata>
    </Tile>
    <Tile>
      <Description>
        <version>3</version>
        <id>19</id>
        <offsetX>0</offsetX>
        <offsetY>0</offsetY>
      </Description>
      <Metadata>
        <int>0</int>
        <string>Inverted base shape</string>
        <string></string>
      </Metadata>
    </Tile>
    <Tile>
      <Description>
        <version>3</version>
        <id>20</id>
        <offsetX>0</offsetX>
        <offsetY>0</offsetY>
      </Description>
      <Metadata>
        <int>0</int>
        <string>Base shape</string>
        <string></string>
      </Metadata>
    </Tile>
  </Tiles>
</TileCatalog>
