<TileCatalog>
  <version>2</version>
  <Header>
    <rasterX>0</rasterX>
    <rasterY>0</rasterY>
    <count>20</count>
  </Header>
  <Configuration>
    <intLabel>Value</intLabel>
    <stringLabel>Name</stringLabel>
    <stringLabel>Tags</stringLabel>
  </Configuration>
  <Tiles>
    <Tile>
      <Description>
        <version>3</version>
        <id>1</id>
        <offsetX>0</offsetX>
        <offsetY>0</offsetY>
      </Description>
      <Metadata>
        <int>0</int>
        <string>Amethyst</string>
        <string>gem</string>
      </Metadata>
    </Tile>
    <Tile>
      <Description>
        <version>3</version>
        <id>2</id>
        <offsetX>0</offsetX>
        <offsetY>0</offsetY>
      </Description>
      <Metadata>
        <int>0</int>
        <string>Sapphire</string>
        <string>gem</string>
      </Metadata>
    </Tile>
    <Tile>
      <Description>
        <version>3</version>
        <id>3</id>
        <offsetX>0</offsetX>
        <offsetY>0</offsetY>
      </Description>
      <Metadata>
        <int>0</int>
        <string>Emerald</string>
        <string>gem</string>
      </Metadata>
    </Tile>
    <Tile>
      <Description>
        <version>3</version>
        <id>4</id>
        <offsetX>0</offsetX>
        <offsetY>0</offsetY>
      </Description>
      <Metadata>
        <int>0</int>
        <string>Diamond</string>
        <string>gem</string>
      </Metadata>
    </Tile>
    <Tile>
      <Description>
        <version>3</version>
        <id>5</id>
        <offsetX>0</offsetX>
        <offsetY>0</offsetY>
      </Description>
      <Metadata>
        <int>0</int>
        <string>Topaz</string>
        <string>gem</string>
      </Metadata>
    </Tile>
    <Tile>
      <Description>
        <version>3</version>
        <id>6</id>
        <offsetX>0</offsetX>
        <offsetY>0</offsetY>
      </Description>
      <Metadata>
        <int>0</int>
        <string>Ruby</string>
        <string>gem</string>
      </Metadata>
    </Tile>
    <Tile>
      <Description>
        <version>3</version>
        <id>7</id>
        <offsetX>0</offsetX>
        <offsetY>0</offsetY>
      </Description>
      <Metadata>
        <int>0</int>
        <string>Uncut amethyst</string>
        <string>gem</string>
      </Metadata>
    </Tile>
    <Tile>
      <Description>
        <version>3</version>
        <id>8</id>
        <offsetX>0</offsetX>
        <offsetY>0</offsetY>
      </Description>
      <Metadata>
        <int>0</int>
        <string>Uncut sapphire</string>
        <string>gem</string>
      </Metadata>
    </Tile>
    <Tile>
      <Description>
        <version>3</version>
        <id>9</id>
        <offsetX>0</offsetX>
        <offsetY>0</offsetY>
      </Description>
      <Metadata>
        <int>0</int>
        <string>Uncut emerald</string>
        <string>gem</string>
      </Metadata>
    </Tile>
    <Tile>
      <Description>
        <version>3</version>
        <id>10</id>
        <offsetX>0</offsetX>
        <offsetY>0</offsetY>
      </Description>
      <Metadata>
        <int>0</int>
        <string>Uncut diamond</string>
        <string>gem</string>
      </Metadata>
    </Tile>
    <Tile>
      <Description>
        <version>3</version>
        <id>11</id>
        <offsetX>0</offsetX>
        <offsetY>0</offsetY>
      </Description>
      <Metadata>
        <int>0</int>
        <string>Uncut topaz</string>
        <string>gem</string>
      </Metadata>
    </Tile>
    <Tile>
      <Description>
        <version>3</version>
        <id>12</id>
        <offsetX>0</offsetX>
        <offsetY>0</offsetY>
      </Description>
      <Metadata>
        <int>0</int>
        <string>Uncut ruby</string>
        <string>gem</string>
      </Metadata>
    </Tile>
    <Tile>
      <Description>
        <version>3</version>
        <id>13</id>
        <offsetX>0</offsetX>
        <offsetY>0</offsetY>
      </Description>
      <Metadata>
        <int>0</int>
        <string></string>
        <string></string>
      </Metadata>
    </Tile>
    <Tile>
      <Description>
        <version>3</version>
        <id>14</id>
        <offsetX>0</offsetX>
        <offsetY>0</offsetY>
      </Description>
      <Metadata>
        <int>0</int>
        <string></string>
        <string></string>
      </Metadata>
    </Tile>
    <Tile>
      <Description>
        <version>3</version>
        <id>15</id>
        <offsetX>0</offsetX>
        <offsetY>0</offsetY>
      </Description>
      <Metadata>
        <int>0</int>
        <string></string>
        <string></string>
      </Metadata>
    </Tile>
    <Tile>
      <Description>
        <version>3</version>
        <id>16</id>
        <offsetX>0</offsetX>
        <offsetY>0</offsetY>
      </Description>
      <Metadata>
        <int>0</int>
        <string></string>
        <string></string>
      </Metadata>
    </Tile>
    <Tile>
      <Description>
        <version>3</version>
        <id>17</id>
        <offsetX>0</offsetX>
        <offsetY>0</offsetY>
      </Description>
      <Metadata>
        <int>0</int>
        <string></string>
        <string></string>
      </Metadata>
    </Tile>
    <Tile>
      <Description>
        <version>3</version>
        <id>18</id>
        <offsetX>0</offsetX>
        <offsetY>0</offsetY>
      </Description>
      <Metadata>
        <int>0</int>
        <string></string>
        <string></string>
      </Metadata>
    </Tile>
    <Tile>
      <Description>
        <version>3</version>
        <id>19</id>
        <offsetX>0</offsetX>
        <offsetY>0</offsetY>
      </Description>
      <Metadata>
        <int>0</int>
        <string></string>
        <string></string>
      </Metadata>
    </Tile>
    <Tile>
      <Description>
        <version>3</version>
        <id>20</id>
        <offsetX>0</offsetX>
        <offsetY>0</offsetY>
      </Description>
      <Metadata>
        <int>0</int>
        <string></string>
        <string></string>
      </Metadata>
    </Tile>
  </Tiles>
</TileCatalog>
