<TileCatalog>
  <version>2</version>
  <Header>
    <rasterX>32</rasterX>
    <rasterY>16</rasterY>
    <count>22</count>
  </Header>
  <Configuration>
    <intLabel>Value</intLabel>
    <stringLabel>Name</stringLabel>
    <stringLabel>Tags</stringLabel>
  </Configuration>
  <Tiles>
    <Tile>
      <Description>
        <version>3</version>
        <id>1</id>
        <offsetX>24</offsetX>
        <offsetY>44</offsetY>
      </Description>
      <Metadata>
        <int>3</int>
        <string>Some coins</string>
        <string>treasure</string>
      </Metadata>
    </Tile>
    <Tile>
      <Description>
        <version>3</version>
        <id>2</id>
        <offsetX>24</offsetX>
        <offsetY>43</offsetY>
      </Description>
      <Metadata>
        <int>5</int>
        <string>Coins</string>
        <string>treasure</string>
      </Metadata>
    </Tile>
    <Tile>
      <Description>
        <version>3</version>
        <id>3</id>
        <offsetX>19</offsetX>
        <offsetY>40</offsetY>
      </Description>
      <Metadata>
        <int>7</int>
        <string>Coin pile</string>
        <string>treasure</string>
      </Metadata>
    </Tile>
    <Tile>
      <Description>
        <version>3</version>
        <id>4</id>
        <offsetX>23</offsetX>
        <offsetY>45</offsetY>
      </Description>
      <Metadata>
        <int>10</int>
        <string>Scroll 1</string>
        <string>magic</string>
      </Metadata>
    </Tile>
    <Tile>
      <Description>
        <version>3</version>
        <id>5</id>
        <offsetX>24</offsetX>
        <offsetY>44</offsetY>
      </Description>
      <Metadata>
        <int>10</int>
        <string>Scroll 2</string>
        <string>magic</string>
      </Metadata>
    </Tile>
    <Tile>
      <Description>
        <version>3</version>
        <id>6</id>
        <offsetX>23</offsetX>
        <offsetY>42</offsetY>
      </Description>
      <Metadata>
        <int>50</int>
        <string>Book</string>
        <string>magic</string>
      </Metadata>
    </Tile>
    <Tile>
      <Description>
        <version>3</version>
        <id>7</id>
        <offsetX>24</offsetX>
        <offsetY>36</offsetY>
      </Description>
      <Metadata>
        <int>2</int>
        <string>Pot</string>
        <string>cooking</string>
      </Metadata>
    </Tile>
    <Tile>
      <Description>
        <version>3</version>
        <id>8</id>
        <offsetX>29</offsetX>
        <offsetY>45</offsetY>
      </Description>
      <Metadata>
        <int>1</int>
        <string>Key</string>
        <string></string>
      </Metadata>
    </Tile>
    <Tile>
      <Description>
        <version>3</version>
        <id>9</id>
        <offsetX>28</offsetX>
        <offsetY>37</offsetY>
      </Description>
      <Metadata>
        <int>80</int>
        <string>PI Rune</string>
        <string>testing</string>
      </Metadata>
    </Tile>
    <Tile>
      <Description>
        <version>3</version>
        <id>10</id>
        <offsetX>0</offsetX>
        <offsetY>0</offsetY>
      </Description>
      <Metadata>
        <int>0</int>
        <string>Tiled floor</string>
        <string>ground</string>
      </Metadata>
    </Tile>
    <Tile>
      <Description>
        <version>3</version>
        <id>11</id>
        <offsetX>0</offsetX>
        <offsetY>0</offsetY>
      </Description>
      <Metadata>
        <int>0</int>
        <string>Grass</string>
        <string>ground</string>
      </Metadata>
    </Tile>
    <Tile>
      <Description>
        <version>3</version>
        <id>12</id>
        <offsetX>0</offsetX>
        <offsetY>0</offsetY>
      </Description>
      <Metadata>
        <int>0</int>
        <string>Left mini wall</string>
        <string>construction</string>
      </Metadata>
    </Tile>
    <Tile>
      <Description>
        <version>3</version>
        <id>13</id>
        <offsetX>0</offsetX>
        <offsetY>0</offsetY>
      </Description>
      <Metadata>
        <int>0</int>
        <string>Right mini wall</string>
        <string>construction</string>
      </Metadata>
    </Tile>
    <Tile>
      <Description>
        <version>3</version>
        <id>14</id>
        <offsetX>24</offsetX>
        <offsetY>41</offsetY>
      </Description>
      <Metadata>
        <int>5</int>
        <string>Dagger</string>
        <string>weapon</string>
      </Metadata>
    </Tile>
    <Tile>
      <Description>
        <version>3</version>
        <id>15</id>
        <offsetX>19</offsetX>
        <offsetY>40</offsetY>
      </Description>
      <Metadata>
        <int>15</int>
        <string>Sword</string>
        <string>weapon</string>
      </Metadata>
    </Tile>
    <Tile>
      <Description>
        <version>3</version>
        <id>16</id>
        <offsetX>14</offsetX>
        <offsetY>39</offsetY>
      </Description>
      <Metadata>
        <int>3</int>
        <string>Trousers</string>
        <string>clothing</string>
      </Metadata>
    </Tile>
    <Tile>
      <Description>
        <version>3</version>
        <id>17</id>
        <offsetX>17</offsetX>
        <offsetY>40</offsetY>
      </Description>
      <Metadata>
        <int>3</int>
        <string>Vest</string>
        <string>clothing</string>
      </Metadata>
    </Tile>
    <Tile>
      <Description>
        <version>3</version>
        <id>20</id>
        <offsetX>23</offsetX>
        <offsetY>42</offsetY>
      </Description>
      <Metadata>
        <int>12</int>
        <string>Tower shield</string>
        <string>armor</string>
      </Metadata>
    </Tile>
    <Tile>
      <Description>
        <version>3</version>
        <id>18</id>
        <offsetX>29</offsetX>
        <offsetY>44</offsetY>
      </Description>
      <Metadata>
        <int>100</int>
        <string>Ring</string>
        <string>magic</string>
      </Metadata>
    </Tile>
    <Tile>
      <Description>
        <version>3</version>
        <id>19</id>
        <offsetX>27</offsetX>
        <offsetY>46</offsetY>
      </Description>
      <Metadata>
        <int>100</int>
        <string>Amulet</string>
        <string>magic</string>
      </Metadata>
    </Tile>
    <Tile>
      <Description>
        <version>3</version>
        <id>21</id>
        <offsetX>0</offsetX>
        <offsetY>0</offsetY>
      </Description>
      <Metadata>
        <int>18</int>
        <string>Empty tile</string>
        <string>special</string>
      </Metadata>
    </Tile>
    <Tile>
      <Description>
        <version>3</version>
        <id>22</id>
        <offsetX>20</offsetX>
        <offsetY>36</offsetY>
      </Description>
      <Metadata>
        <int>1000</int>
        <string>Chest</string>
        <string>treasure</string>
      </Metadata>
    </Tile>
  </Tiles>
</TileCatalog>
