<TileCatalog>
  <version>2</version>
  <Header>
    <rasterX>0</rasterX>
    <rasterY>0</rasterY>
    <count>17</count>
  </Header>
  <Configuration>
    <intLabel>Value</intLabel>
    <stringLabel>Name</stringLabel>
    <stringLabel>Tags</stringLabel>
  </Configuration>
  <Tiles>
    <Tile>
      <Description>
        <version>3</version>
        <id>1</id>
        <offsetX>0</offsetX>
        <offsetY>0</offsetY>
      </Description>
      <Metadata>
        <int>0</int>
        <string>Rodent</string>
        <string></string>
      </Metadata>
    </Tile>
    <Tile>
      <Description>
        <version>3</version>
        <id>2</id>
        <offsetX>0</offsetX>
        <offsetY>0</offsetY>
      </Description>
      <Metadata>
        <int>0</int>
        <string>Giant rodent</string>
        <string></string>
      </Metadata>
    </Tile>
    <Tile>
      <Description>
        <version>3</version>
        <id>3</id>
        <offsetX>0</offsetX>
        <offsetY>0</offsetY>
      </Description>
      <Metadata>
        <int>0</int>
        <string>Wolf</string>
        <string></string>
      </Metadata>
    </Tile>
    <Tile>
      <Description>
        <version>3</version>
        <id>4</id>
        <offsetX>0</offsetX>
        <offsetY>0</offsetY>
      </Description>
      <Metadata>
        <int>0</int>
        <string>Big wolf</string>
        <string></string>
      </Metadata>
    </Tile>
    <Tile>
      <Description>
        <version>3</version>
        <id>5</id>
        <offsetX>0</offsetX>
        <offsetY>0</offsetY>
      </Description>
      <Metadata>
        <int>0</int>
        <string>Lizard</string>
        <string></string>
      </Metadata>
    </Tile>
    <Tile>
      <Description>
        <version>3</version>
        <id>6</id>
        <offsetX>0</offsetX>
        <offsetY>0</offsetY>
      </Description>
      <Metadata>
        <int>0</int>
        <string>Cat</string>
        <string></string>
      </Metadata>
    </Tile>
    <Tile>
      <Description>
        <version>3</version>
        <id>7</id>
        <offsetX>0</offsetX>
        <offsetY>0</offsetY>
      </Description>
      <Metadata>
        <int>0</int>
        <string>Dragonfly</string>
        <string></string>
      </Metadata>
    </Tile>
    <Tile>
      <Description>
        <version>3</version>
        <id>8</id>
        <offsetX>0</offsetX>
        <offsetY>0</offsetY>
      </Description>
      <Metadata>
        <int>0</int>
        <string>Frog</string>
        <string></string>
      </Metadata>
    </Tile>
    <Tile>
      <Description>
        <version>3</version>
        <id>9</id>
        <offsetX>0</offsetX>
        <offsetY>0</offsetY>
      </Description>
      <Metadata>
        <int>0</int>
        <string>Goat</string>
        <string></string>
      </Metadata>
    </Tile>
    <Tile>
      <Description>
        <version>3</version>
        <id>10</id>
        <offsetX>0</offsetX>
        <offsetY>0</offsetY>
      </Description>
      <Metadata>
        <int>0</int>
        <string>Newt</string>
        <string></string>
      </Metadata>
    </Tile>
    <Tile>
      <Description>
        <version>3</version>
        <id>11</id>
        <offsetX>0</offsetX>
        <offsetY>0</offsetY>
      </Description>
      <Metadata>
        <int>0</int>
        <string>Spider</string>
        <string></string>
      </Metadata>
    </Tile>
    <Tile>
      <Description>
        <version>3</version>
        <id>12</id>
        <offsetX>0</offsetX>
        <offsetY>0</offsetY>
      </Description>
      <Metadata>
        <int>0</int>
        <string>Chicken</string>
        <string></string>
      </Metadata>
    </Tile>
    <Tile>
      <Description>
        <version>3</version>
        <id>13</id>
        <offsetX>0</offsetX>
        <offsetY>0</offsetY>
      </Description>
      <Metadata>
        <int>0</int>
        <string>Bat</string>
        <string></string>
      </Metadata>
    </Tile>
    <Tile>
      <Description>
        <version>3</version>
        <id>17</id>
        <offsetX>0</offsetX>
        <offsetY>0</offsetY>
      </Description>
      <Metadata>
        <int>0</int>
        <string></string>
        <string></string>
      </Metadata>
    </Tile>
    <Tile>
      <Description>
        <version>3</version>
        <id>18</id>
        <offsetX>0</offsetX>
        <offsetY>0</offsetY>
      </Description>
      <Metadata>
        <int>0</int>
        <string></string>
        <string></string>
      </Metadata>
    </Tile>
    <Tile>
      <Description>
        <version>3</version>
        <id>19</id>
        <offsetX>0</offsetX>
        <offsetY>0</offsetY>
      </Description>
      <Metadata>
        <int>0</int>
        <string></string>
        <string></string>
      </Metadata>
    </Tile>
    <Tile>
      <Description>
        <version>3</version>
        <id>20</id>
        <offsetX>0</offsetX>
        <offsetY>0</offsetY>
      </Description>
      <Metadata>
        <int>0</int>
        <string></string>
        <string></string>
      </Metadata>
    </Tile>
  </Tiles>
</TileCatalog>
