<TileCatalog>
  <version>2</version>
  <Header>
    <rasterX>32</rasterX>
    <rasterY>16</rasterY>
    <count>18</count>
  </Header>
  <Configuration>
    <intLabel>Value</intLabel>
    <stringLabel>Name</stringLabel>
    <stringLabel>Tags</stringLabel>
  </Configuration>
  <Tiles>
    <Tile>
      <Description>
        <version>3</version>
        <id>3</id>
        <offsetX>0</offsetX>
        <offsetY>0</offsetY>
      </Description>
      <Metadata>
        <int>0</int>
        <string>Damaged tiles</string>
        <string>floor</string>
      </Metadata>
    </Tile>
    <Tile>
      <Description>
        <version>3</version>
        <id>7</id>
        <offsetX>0</offsetX>
        <offsetY>0</offsetY>
      </Description>
      <Metadata>
        <int>0</int>
        <string>Grass</string>
        <string>floor</string>
      </Metadata>
    </Tile>
    <Tile>
      <Description>
        <version>3</version>
        <id>6</id>
        <offsetX>0</offsetX>
        <offsetY>0</offsetY>
      </Description>
      <Metadata>
        <int>0</int>
        <string>Rough grass</string>
        <string>floor</string>
      </Metadata>
    </Tile>
    <Tile>
      <Description>
        <version>3</version>
        <id>10</id>
        <offsetX>0</offsetX>
        <offsetY>0</offsetY>
      </Description>
      <Metadata>
        <int>0</int>
        <string>Very fine sand</string>
        <string>floor</string>
      </Metadata>
    </Tile>
    <Tile>
      <Description>
        <version>3</version>
        <id>8</id>
        <offsetX>0</offsetX>
        <offsetY>0</offsetY>
      </Description>
      <Metadata>
        <int>0</int>
        <string>Sand</string>
        <string>floor</string>
      </Metadata>
    </Tile>
    <Tile>
      <Description>
        <version>3</version>
        <id>9</id>
        <offsetX>0</offsetX>
        <offsetY>0</offsetY>
      </Description>
      <Metadata>
        <int>0</int>
        <string>Rough sand</string>
        <string>floor</string>
      </Metadata>
    </Tile>
    <Tile>
      <Description>
        <version>3</version>
        <id>12</id>
        <offsetX>0</offsetX>
        <offsetY>0</offsetY>
      </Description>
      <Metadata>
        <int>0</int>
        <string>Marble floor</string>
        <string>floor</string>
      </Metadata>
    </Tile>
    <Tile>
      <Description>
        <version>3</version>
        <id>11</id>
        <offsetX>0</offsetX>
        <offsetY>0</offsetY>
      </Description>
      <Metadata>
        <int>0</int>
        <string>Dark diamond tile</string>
        <string>floor</string>
      </Metadata>
    </Tile>
    <Tile>
      <Description>
        <version>3</version>
        <id>13</id>
        <offsetX>0</offsetX>
        <offsetY>0</offsetY>
      </Description>
      <Metadata>
        <int>0</int>
        <string>Gray marble floor</string>
        <string>floor</string>
      </Metadata>
    </Tile>
    <Tile>
      <Description>
        <version>3</version>
        <id>14</id>
        <offsetX>0</offsetX>
        <offsetY>0</offsetY>
      </Description>
      <Metadata>
        <int>0</int>
        <string>Bare earth</string>
        <string>floor</string>
      </Metadata>
    </Tile>
    <Tile>
      <Description>
        <version>3</version>
        <id>15</id>
        <offsetX>0</offsetX>
        <offsetY>0</offsetY>
      </Description>
      <Metadata>
        <int>0</int>
        <string>Water</string>
        <string>floor</string>
      </Metadata>
    </Tile>
    <Tile>
      <Description>
        <version>3</version>
        <id>16</id>
        <offsetX>0</offsetX>
        <offsetY>0</offsetY>
      </Description>
      <Metadata>
        <int>0</int>
        <string>Snow</string>
        <string>floor</string>
      </Metadata>
    </Tile>
    <Tile>
      <Description>
        <version>3</version>
        <id>17</id>
        <offsetX>0</offsetX>
        <offsetY>0</offsetY>
      </Description>
      <Metadata>
        <int>0</int>
        <string>Carpet</string>
        <string>floor</string>
      </Metadata>
    </Tile>
    <Tile>
      <Description>
        <version>3</version>
        <id>18</id>
        <offsetX>0</offsetX>
        <offsetY>0</offsetY>
      </Description>
      <Metadata>
        <int>0</int>
        <string>Shallow water</string>
        <string>floor</string>
      </Metadata>
    </Tile>
    <Tile>
      <Description>
        <version>3</version>
        <id>21</id>
        <offsetX>0</offsetX>
        <offsetY>0</offsetY>
      </Description>
      <Metadata>
        <int>0</int>
        <string>Gravel</string>
        <string>floor</string>
      </Metadata>
    </Tile>
    <Tile>
      <Description>
        <version>3</version>
        <id>22</id>
        <offsetX>0</offsetX>
        <offsetY>0</offsetY>
      </Description>
      <Metadata>
        <int>0</int>
        <string>Old tiles</string>
        <string>floor</string>
      </Metadata>
    </Tile>
    <Tile>
      <Description>
        <version>3</version>
        <id>19</id>
        <offsetX>0</offsetX>
        <offsetY>0</offsetY>
      </Description>
      <Metadata>
        <int>0</int>
        <string>Inverted base shape</string>
        <string></string>
      </Metadata>
    </Tile>
    <Tile>
      <Description>
        <version>3</version>
        <id>20</id>
        <offsetX>0</offsetX>
        <offsetY>0</offsetY>
      </Description>
      <Metadata>
        <int>0</int>
        <string>Base shape</string>
        <string></string>
      </Metadata>
    </Tile>
  </Tiles>
</TileCatalog>
